0,10000,7,19,675,23,8.787000
0,10000,7,18,126,19,0.295000
0,10000,7,17,436,17,3.591000
0,10000,7,16,205,17,0.843000
0,10000,7,15,691,19,7.748000
0,10000,7,14,216,20,0.928000
0,10000,7,13,126,21,0.357000
0,10000,7,12,92,20,0.174000
0,10000,7,11,352,22,2.189000
0,10000,7,10,391,25,2.837000
0,10000,7,9,170,21,0.555000
0,10000,7,8,362,22,2.341000
0,10000,7,7,261,22,1.300000
0,10000,7,6,531,21,5.310000
0,10000,7,5,2147,24,79.117000
0,10000,7,4,113,18,0.331000
0,10000,7,3,91,20,0.148000
0,10000,7,2,1046,21,17.653000
0,10000,7,1,292,18,1.653000
0,10000,7,0,66,16,0.096000
0,10000,6,19,273,19,1.319000
0,10000,6,18,79,16,0.121000
0,10000,6,17,54,15,0.057000
0,10000,6,16,134,17,0.366000
0,10000,6,15,90,17,0.153000
0,10000,6,14,273,20,1.297000
0,10000,6,13,109,10,0.337000
0,10000,6,12,129,13,0.345000
0,10000,6,11,191,18,0.700000
0,10000,6,10,41,14,0.043000
0,10000,6,9,285,19,1.449000
0,10000,6,8,228,17,0.812000
0,10000,6,7,130,15,0.314000
0,10000,6,6,108,16,0.211000
0,10000,6,5,172,14,0.555000
0,10000,6,4,165,19,0.475000
0,10000,6,3,1353,15,29.675000
0,10000,6,2,325,19,1.642000
0,10000,6,1,40,12,0.046000
0,10000,6,0,67,16,0.079000
0,10000,5,19,35,11,0.022000
0,10000,5,18,67,15,0.071000
0,10000,5,17,53,11,0.056000
0,10000,5,16,34,12,0.023000
0,10000,5,15,54,14,0.049000
0,10000,5,14,104,14,0.173000
0,10000,5,13,58,12,0.060000
0,10000,5,12,68,14,0.075000
0,10000,5,11,61,12,0.073000
0,10000,5,10,36,13,0.022000
0,10000,5,9,99,12,0.176000
0,10000,5,8,90,15,0.150000
0,10000,5,7,11,5,0.003000
0,10000,5,6,105,13,0.176000
0,10000,5,5,34,12,0.024000
0,10000,5,4,315,16,1.496000
0,10000,5,3,75,14,0.096000
0,10000,5,2,87,15,0.126000
0,10000,5,1,27,8,0.016000
0,10000,5,0,110,13,0.192000
0,10000,4,19,27,9,0.013000
0,10000,4,18,55,9,0.051000
0,10000,4,17,27,10,0.013000
0,10000,4,16,36,9,0.026000
0,10000,4,15,35,9,0.022000
0,10000,4,14,24,9,0.010000
0,10000,4,13,95,10,0.121000
0,10000,4,12,43,10,0.028000
0,10000,4,11,40,9,0.032000
0,10000,4,10,42,12,0.027000
0,10000,4,9,66,9,0.063000
0,10000,4,8,43,9,0.032000
0,10000,4,7,27,7,0.018000
0,10000,4,6,28,7,0.018000
0,10000,4,5,41,11,0.043000
0,10000,4,4,27,8,0.016000
0,10000,4,3,25,7,0.013000
0,10000,4,2,11,5,0.003000
0,10000,4,1,47,9,0.039000
0,10000,4,0,41,10,0.024000
0,100,7,19,597,24,4.330000
0,100,7,18,126,19,0.271000
0,100,7,17,282,17,1.085000
0,100,7,16,205,17,0.671000
0,100,7,15,2015,34,45.037000
0,100,7,14,216,20,0.785000
0,100,7,13,126,21,0.301000
0,100,7,12,92,20,0.162000
0,100,7,11,352,22,1.635000
0,100,7,10,391,25,2.017000
0,100,7,9,170,21,0.449000
0,100,7,8,362,22,1.663000
0,100,7,7,261,22,0.986000
0,100,7,6,552,26,3.818000
0,100,7,5,901,23,9.573000
0,100,7,4,113,18,0.287000
0,100,7,3,91,20,0.145000
0,100,7,2,756,26,6.969000
0,100,7,1,292,18,1.220000
0,100,7,0,66,16,0.086000
0,100,6,19,273,19,1.066000
0,100,6,18,79,16,0.113000
0,100,6,17,54,15,0.070000
0,100,6,16,134,17,0.342000
0,100,6,15,90,17,0.152000
0,100,6,14,273,20,1.028000
0,100,6,13,109,10,0.276000
0,100,6,12,129,13,0.306000
0,100,6,11,191,18,0.597000
0,100,6,10,41,14,0.033000
0,100,6,9,285,19,1.129000
0,100,6,8,228,17,0.777000
0,100,6,7,130,15,0.277000
0,100,6,6,108,16,0.213000
0,100,6,5,172,14,0.473000
0,100,6,4,165,19,0.419000
0,100,6,3,382,15,1.814000
0,100,6,2,325,19,1.357000
0,100,6,1,40,12,0.049000
0,100,6,0,67,16,0.080000
0,100,5,19,35,11,0.022000
0,100,5,18,67,15,0.081000
0,100,5,17,53,11,0.053000
0,100,5,16,34,12,0.025000
0,100,5,15,54,14,0.060000
0,100,5,14,104,14,0.171000
0,100,5,13,58,12,0.070000
0,100,5,12,68,14,0.076000
0,100,5,11,61,12,0.068000
0,100,5,10,36,13,0.023000
0,100,5,9,99,12,0.168000
0,100,5,8,90,15,0.139000
0,100,5,7,11,5,0.003000
0,100,5,6,105,13,0.171000
0,100,5,5,34,12,0.024000
0,100,5,4,315,16,1.280000
0,100,5,3,75,14,0.093000
0,100,5,2,87,15,0.116000
0,100,5,1,27,8,0.017000
0,100,5,0,110,13,0.197000
0,100,4,19,27,9,0.013000
0,100,4,18,55,9,0.051000
0,100,4,17,27,10,0.013000
0,100,4,16,36,9,0.027000
0,100,4,15,35,9,0.021000
0,100,4,14,24,9,0.010000
0,100,4,13,95,10,0.124000
0,100,4,12,43,10,0.028000
0,100,4,11,40,9,0.036000
0,100,4,10,42,12,0.026000
0,100,4,9,66,9,0.060000
0,100,4,8,43,9,0.030000
0,100,4,7,27,7,0.016000
0,100,4,6,28,7,0.017000
0,100,4,5,41,11,0.026000
0,100,4,4,27,8,0.017000
0,100,4,3,25,7,0.014000
0,100,4,2,11,5,0.003000
0,100,4,1,47,9,0.039000
0,100,4,0,41,10,0.024000
0,50,7,19,599,29,4.324000
0,50,7,18,126,19,0.219000
0,50,7,17,941,32,10.137000
0,50,7,16,246,18,0.734000
0,50,7,15,224,20,0.599000
0,50,7,14,216,20,0.625000
0,50,7,13,136,21,0.264000
0,50,7,12,92,20,0.133000
0,50,7,11,825,33,7.908000
0,50,7,10,617,26,4.564000
0,50,7,9,169,21,0.385000
0,50,7,8,325,23,1.311000
0,50,7,7,262,22,0.849000
0,50,7,6,231,21,0.686000
0,50,7,5,248,24,0.824000
0,50,7,4,113,18,0.222000
0,50,7,3,91,20,0.134000
0,50,7,2,614,22,4.159000
0,50,7,1,229,19,0.707000
0,50,7,0,66,16,0.077000
0,50,6,19,275,19,0.906000
0,50,6,18,79,16,0.096000
0,50,6,17,54,15,0.053000
0,50,6,16,134,17,0.297000
0,50,6,15,90,17,0.123000
0,50,6,14,340,21,1.411000
0,50,6,13,109,10,0.222000
0,50,6,12,129,13,0.271000
0,50,6,11,191,18,0.493000
0,50,6,10,41,14,0.036000
0,50,6,9,284,19,1.018000
0,50,6,8,182,17,0.439000
0,50,6,7,130,15,0.238000
0,50,6,6,108,16,0.178000
0,50,6,5,172,14,0.407000
0,50,6,4,244,17,0.724000
0,50,6,3,298,15,1.053000
0,50,6,2,296,20,0.991000
0,50,6,1,40,12,0.035000
0,50,6,0,67,16,0.072000
0,50,5,19,35,11,0.021000
0,50,5,18,67,15,0.077000
0,50,5,17,53,11,0.050000
0,50,5,16,34,12,0.026000
0,50,5,15,54,14,0.047000
0,50,5,14,104,14,0.149000
0,50,5,13,58,12,0.056000
0,50,5,12,68,14,0.069000
0,50,5,11,61,12,0.067000
0,50,5,10,36,13,0.021000
0,50,5,9,99,12,0.135000
0,50,5,8,90,15,0.118000
0,50,5,7,11,5,0.003000
0,50,5,6,105,13,0.150000
0,50,5,5,34,12,0.034000
0,50,5,4,183,14,0.402000
0,50,5,3,75,14,0.090000
0,50,5,2,87,15,0.106000
0,50,5,1,27,8,0.017000
0,50,5,0,110,13,0.160000
0,50,4,19,27,9,0.012000
0,50,4,18,55,9,0.051000
0,50,4,17,27,10,0.013000
0,50,4,16,36,9,0.026000
0,50,4,15,35,9,0.022000
0,50,4,14,24,9,0.010000
0,50,4,13,95,10,0.127000
0,50,4,12,43,10,0.031000
0,50,4,11,40,9,0.032000
0,50,4,10,42,12,0.026000
0,50,4,9,66,9,0.058000
0,50,4,8,43,9,0.031000
0,50,4,7,27,7,0.017000
0,50,4,6,28,7,0.017000
0,50,4,5,41,11,0.026000
0,50,4,4,27,8,0.017000
0,50,4,3,25,7,0.013000
0,50,4,2,11,5,0.003000
0,50,4,1,47,9,0.039000
0,50,4,0,41,10,0.027000
0,25,7,19,280,28,0.926000
0,25,7,18,136,19,0.220000
0,25,7,17,147,17,0.260000
0,25,7,16,161,17,0.315000
0,25,7,15,4319,181,177.676000
0,25,7,14,266,28,0.687000
0,25,7,13,160,23,0.270000
0,25,7,12,92,20,0.094000
0,25,7,11,455,30,1.852000
0,25,7,10,296,26,0.823000
0,25,7,9,133,21,0.197000
0,25,7,8,275,23,0.752000
0,25,7,7,114,19,0.155000
0,25,7,6,177,21,0.339000
0,25,7,5,254,28,0.675000
0,25,7,4,126,18,0.174000
0,25,7,3,121,20,0.150000
0,25,7,2,302,26,0.955000
0,25,7,1,238,22,0.654000
0,25,7,0,66,16,0.053000
0,25,6,19,168,19,0.282000
0,25,6,18,79,16,0.082000
0,25,6,17,54,15,0.041000
0,25,6,16,134,17,0.218000
0,25,6,15,91,17,0.100000
0,25,6,14,211,23,0.500000
0,25,6,13,96,10,0.134000
0,25,6,12,78,13,0.088000
0,25,6,11,137,21,0.217000
0,25,6,10,41,14,0.027000
0,25,6,9,243,23,0.642000
0,25,6,8,186,17,0.348000
0,25,6,7,134,16,0.197000
0,25,6,6,117,16,0.146000
0,25,6,5,248,21,0.609000
0,25,6,4,146,18,0.221000
0,25,6,3,196,15,0.369000
0,25,6,2,197,21,0.386000
0,25,6,1,40,12,0.025000
0,25,6,0,67,16,0.056000
0,25,5,19,35,11,0.016000
0,25,5,18,67,15,0.050000
0,25,5,17,53,11,0.035000
0,25,5,16,34,12,0.018000
0,25,5,15,54,14,0.037000
0,25,5,14,97,14,0.097000
0,25,5,13,58,12,0.041000
0,25,5,12,68,14,0.051000
0,25,5,11,61,12,0.045000
0,25,5,10,36,13,0.017000
0,25,5,9,99,12,0.099000
0,25,5,8,90,15,0.086000
0,25,5,7,11,5,0.002000
0,25,5,6,105,13,0.109000
0,25,5,5,34,12,0.019000
0,25,5,4,192,13,0.335000
0,25,5,3,75,14,0.064000
0,25,5,2,87,15,0.082000
0,25,5,1,27,8,0.013000
0,25,5,0,110,13,0.125000
0,25,4,19,27,9,0.010000
0,25,4,18,57,9,0.041000
0,25,4,17,27,10,0.012000
0,25,4,16,36,9,0.020000
0,25,4,15,35,9,0.019000
0,25,4,14,24,9,0.010000
0,25,4,13,95,10,0.094000
0,25,4,12,43,10,0.023000
0,25,4,11,40,9,0.024000
0,25,4,10,42,12,0.024000
0,25,4,9,66,9,0.051000
0,25,4,8,43,9,0.029000
0,25,4,7,27,7,0.017000
0,25,4,6,28,7,0.015000
0,25,4,5,41,11,0.027000
0,25,4,4,27,8,0.014000
0,25,4,3,25,7,0.011000
0,25,4,2,11,5,0.003000
0,25,4,1,47,9,0.032000
0,25,4,0,41,10,0.021000
0,20,7,19,448,40,2.169000
0,20,7,18,108,19,0.145000
0,20,7,17,521,41,3.597000
0,20,7,16,149,17,0.250000
0,20,7,15,336,28,1.148000
0,20,7,14,240,28,0.553000
0,20,7,13,100,21,0.110000
0,20,7,12,80,20,0.072000
0,20,7,11,349,32,1.186000
0,20,7,10,367,32,1.292000
0,20,7,9,102,21,0.111000
0,20,7,8,335,29,1.009000
0,20,7,7,109,19,0.129000
0,20,7,6,804,57,5.950000
0,20,7,5,258,29,0.694000
0,20,7,4,195,20,0.384000
0,20,7,3,115,20,0.146000
0,20,7,2,266,27,0.688000
0,20,7,1,194,22,0.357000
0,20,7,0,66,16,0.051000
0,20,6,19,210,22,0.422000
0,20,6,18,80,16,0.071000
0,20,6,17,54,15,0.036000
0,20,6,16,131,18,0.169000
0,20,6,15,91,17,0.088000
0,20,6,14,167,22,0.250000
0,20,6,13,73,11,0.074000
0,20,6,12,84,13,0.080000
0,20,6,11,192,23,0.378000
0,20,6,10,41,14,0.026000
0,20,6,9,686,44,4.451000
0,20,6,8,428,31,1.745000
0,20,6,7,155,18,0.236000
0,20,6,6,108,16,0.135000
0,20,6,5,293,22,0.789000
0,20,6,4,201,22,0.417000
0,20,6,3,146,15,0.233000
0,20,6,2,125,19,0.187000
0,20,6,1,40,12,0.027000
0,20,6,0,67,16,0.060000
0,20,5,19,35,11,0.017000
0,20,5,18,67,15,0.053000
0,20,5,17,53,11,0.042000
0,20,5,16,34,12,0.021000
0,20,5,15,54,14,0.039000
0,20,5,14,97,14,0.108000
0,20,5,13,58,12,0.043000
0,20,5,12,66,14,0.047000
0,20,5,11,61,12,0.048000
0,20,5,10,36,13,0.018000
0,20,5,9,99,12,0.103000
0,20,5,8,90,15,0.092000
0,20,5,7,11,5,0.002000
0,20,5,6,105,13,0.125000
0,20,5,5,34,12,0.018000
0,20,5,4,111,13,0.139000
0,20,5,3,75,14,0.072000
0,20,5,2,87,15,0.088000
0,20,5,1,27,8,0.014000
0,20,5,0,109,13,0.133000
0,20,4,19,27,9,0.012000
0,20,4,18,57,9,0.040000
0,20,4,17,27,10,0.011000
0,20,4,16,36,9,0.019000
0,20,4,15,35,9,0.018000
0,20,4,14,24,9,0.011000
0,20,4,13,95,10,0.092000
0,20,4,12,43,10,0.021000
0,20,4,11,40,9,0.022000
0,20,4,10,42,12,0.020000
0,20,4,9,66,9,0.045000
0,20,4,8,43,9,0.026000
0,20,4,7,27,7,0.012000
0,20,4,6,28,7,0.015000
0,20,4,5,41,11,0.023000
0,20,4,4,27,8,0.012000
0,20,4,3,25,7,0.010000
0,20,4,2,11,5,0.003000
0,20,4,1,47,9,0.028000
0,20,4,0,41,10,0.023000
0,15,7,19,195,26,0.428000
0,15,7,18,98,19,0.098000
0,15,7,17,128,19,0.164000
0,15,7,16,473,46,1.948000
0,15,7,15,148,21,0.198000
0,15,7,14,432,42,1.803000
0,15,7,13,330,37,0.966000
0,15,7,12,70,20,0.056000
0,15,7,11,715,63,4.851000
0,15,7,10,181,26,0.325000
0,15,7,9,192,28,0.349000
0,15,7,8,229,25,0.475000
0,15,7,7,209,28,0.431000
0,15,7,6,295,30,0.765000
0,15,7,5,197,28,0.377000
0,15,7,4,106,18,0.130000
0,15,7,3,113,20,0.138000
0,15,7,2,226,23,0.632000
0,15,7,1,183,21,0.405000
0,15,7,0,57,16,0.041000
0,15,6,19,65,14,0.053000
0,15,6,18,80,16,0.067000
0,15,6,17,54,15,0.036000
0,15,6,16,84,15,0.078000
0,15,6,15,91,17,0.085000
0,15,6,14,108,21,0.120000
0,15,6,13,61,11,0.052000
0,15,6,12,77,14,0.060000
0,15,6,11,126,20,0.167000
0,15,6,10,41,14,0.020000
0,15,6,9,208,26,0.395000
0,15,6,8,133,19,0.169000
0,15,6,7,94,16,0.087000
0,15,6,6,160,17,0.245000
0,15,6,5,137,19,0.182000
0,15,6,4,109,18,0.112000
0,15,6,3,123,15,0.149000
0,15,6,2,147,19,0.221000
0,15,6,1,40,12,0.022000
0,15,6,0,67,16,0.049000
0,15,5,19,35,11,0.015000
0,15,5,18,66,15,0.044000
0,15,5,17,53,11,0.034000
0,15,5,16,34,12,0.016000
0,15,5,15,54,14,0.032000
0,15,5,14,82,14,0.069000
0,15,5,13,65,12,0.049000
0,15,5,12,65,14,0.045000
0,15,5,11,61,12,0.040000
0,15,5,10,36,13,0.015000
0,15,5,9,135,14,0.162000
0,15,5,8,88,15,0.077000
0,15,5,7,11,5,0.002000
0,15,5,6,78,15,0.062000
0,15,5,5,34,12,0.015000
0,15,5,4,89,13,0.077000
0,15,5,3,60,14,0.037000
0,15,5,2,78,15,0.059000
0,15,5,1,27,8,0.010000
0,15,5,0,84,13,0.068000
0,15,4,19,27,9,0.010000
0,15,4,18,52,9,0.030000
0,15,4,17,27,10,0.011000
0,15,4,16,36,9,0.017000
0,15,4,15,35,9,0.015000
0,15,4,14,24,9,0.008000
0,15,4,13,85,10,0.069000
0,15,4,12,43,10,0.020000
0,15,4,11,40,9,0.024000
0,15,4,10,42,12,0.018000
0,15,4,9,66,9,0.042000
0,15,4,8,43,9,0.022000
0,15,4,7,27,7,0.011000
0,15,4,6,28,7,0.012000
0,15,4,5,41,11,0.020000
0,15,4,4,27,8,0.012000
0,15,4,3,25,7,0.009000
0,15,4,2,11,5,0.002000
0,15,4,1,47,9,0.026000
0,15,4,0,41,10,0.017000
0,10,7,19,191,30,0.346000
0,10,7,18,231,32,0.491000
0,10,7,17,453,53,1.821000
0,10,7,16,98,18,0.108000
0,10,7,15,364,45,1.132000
0,10,7,14,577,70,3.095000
0,10,7,13,328,47,0.977000
0,10,7,12,141,30,0.201000
0,10,7,11,156,25,0.219000
0,10,7,10,461,55,1.901000
0,10,7,9,189,34,0.343000
0,10,7,8,128,22,0.166000
0,10,7,7,464,59,2.033000
0,10,7,6,368,49,1.187000
0,10,7,5,244,37,0.563000
0,10,7,4,72,16,0.057000
0,10,7,3,84,20,0.079000
0,10,7,2,145,23,0.200000
0,10,7,1,120,23,0.143000
0,10,7,0,310,44,0.830000
0,10,6,19,118,20,0.134000
0,10,6,18,83,16,0.071000
0,10,6,17,56,16,0.035000
0,10,6,16,52,13,0.032000
0,10,6,15,65,17,0.042000
0,10,6,14,108,21,0.117000
0,10,6,13,40,12,0.021000
0,10,6,12,69,14,0.046000
0,10,6,11,329,41,0.947000
0,10,6,10,41,14,0.020000
0,10,6,9,112,23,0.113000
0,10,6,8,107,19,0.112000
0,10,6,7,88,16,0.088000
0,10,6,6,210,27,0.431000
0,10,6,5,137,21,0.173000
0,10,6,4,96,19,0.091000
0,10,6,3,132,17,0.163000
0,10,6,2,94,19,0.085000
0,10,6,1,40,12,0.021000
0,10,6,0,67,16,0.046000
0,10,5,19,35,11,0.015000
0,10,5,18,59,15,0.037000
0,10,5,17,47,11,0.026000
0,10,5,16,34,12,0.015000
0,10,5,15,48,14,0.024000
0,10,5,14,100,17,0.088000
0,10,5,13,65,12,0.043000
0,10,5,12,55,14,0.033000
0,10,5,11,84,15,0.071000
0,10,5,10,36,13,0.014000
0,10,5,9,60,14,0.037000
0,10,5,8,86,15,0.069000
0,10,5,7,11,5,0.002000
0,10,5,6,65,15,0.042000
0,10,5,5,34,12,0.016000
0,10,5,4,77,13,0.055000
0,10,5,3,51,14,0.028000
0,10,5,2,72,15,0.052000
0,10,5,1,27,8,0.009000
0,10,5,0,116,16,0.119000
0,10,4,19,28,9,0.009000
0,10,4,18,41,9,0.018000
0,10,4,17,27,10,0.010000
0,10,4,16,42,9,0.032000
0,10,4,15,30,9,0.012000
0,10,4,14,24,9,0.008000
0,10,4,13,57,11,0.036000
0,10,4,12,42,10,0.027000
0,10,4,11,40,9,0.018000
0,10,4,10,42,12,0.018000
0,10,4,9,78,12,0.054000
0,10,4,8,43,9,0.021000
0,10,4,7,27,7,0.011000
0,10,4,6,28,7,0.011000
0,10,4,5,41,11,0.021000
0,10,4,4,27,8,0.015000
0,10,4,3,25,7,0.010000
0,10,4,2,11,5,0.002000
0,10,4,1,40,9,0.019000
0,10,4,0,41,10,0.018000
0,5,7,19,350,81,1.061000
0,5,7,18,81,23,0.068000
0,5,7,17,232,55,0.487000
0,5,7,16,187,43,0.343000
0,5,7,15,198,46,0.356000
0,5,7,14,193,48,0.388000
0,5,7,13,91,28,0.120000
0,5,7,12,198,49,0.400000
0,5,7,11,247,60,0.652000
0,5,7,10,523,120,2.649000
0,5,7,9,81,25,0.069000
0,5,7,8,122,28,0.151000
0,5,7,7,240,52,0.667000
0,5,7,6,418,92,1.742000
0,5,7,5,131,39,0.169000
0,5,7,4,101,28,0.099000
0,5,7,3,120,35,0.136000
0,5,7,2,856,187,7.395000
0,5,7,1,252,60,0.536000
0,5,7,0,169,43,0.285000
0,5,6,19,170,41,0.285000
0,5,6,18,118,30,0.128000
0,5,6,17,40,17,0.018000
0,5,6,16,33,14,0.013000
0,5,6,15,129,31,0.160000
0,5,6,14,88,25,0.086000
0,5,6,13,44,14,0.024000
0,5,6,12,101,23,0.121000
0,5,6,11,124,34,0.160000
0,5,6,10,40,16,0.019000
0,5,6,9,93,26,0.088000
0,5,6,8,128,32,0.159000
0,5,6,7,107,25,0.107000
0,5,6,6,109,26,0.105000
0,5,6,5,37,14,0.014000
0,5,6,4,140,35,0.180000
0,5,6,3,70,21,0.046000
0,5,6,2,319,74,0.850000
0,5,6,1,53,16,0.032000
0,5,6,0,78,22,0.059000
0,5,5,19,27,11,0.008000
0,5,5,18,97,27,0.082000
0,5,5,17,82,21,0.058000
0,5,5,16,40,12,0.017000
0,5,5,15,173,38,0.258000
0,5,5,14,76,20,0.055000
0,5,5,13,37,13,0.014000
0,5,5,12,48,14,0.027000
0,5,5,11,63,16,0.037000
0,5,5,10,34,13,0.013000
0,5,5,9,49,16,0.023000
0,5,5,8,70,20,0.042000
0,5,5,7,11,5,0.002000
0,5,5,6,76,20,0.055000
0,5,5,5,36,12,0.015000
0,5,5,4,60,18,0.033000
0,5,5,3,59,17,0.033000
0,5,5,2,85,21,0.066000
0,5,5,1,25,8,0.008000
0,5,5,0,40,14,0.017000
0,5,4,19,68,19,0.040000
0,5,4,18,26,10,0.008000
0,5,4,17,24,10,0.006000
0,5,4,16,27,9,0.007000
0,5,4,15,37,13,0.012000
0,5,4,14,78,20,0.050000
0,5,4,13,36,12,0.012000
0,5,4,12,57,16,0.030000
0,5,4,11,24,9,0.007000
0,5,4,10,63,16,0.036000
0,5,4,9,34,12,0.012000
0,5,4,8,56,17,0.027000
0,5,4,7,27,8,0.010000
0,5,4,6,20,7,0.005000
0,5,4,5,56,15,0.027000
0,5,4,4,25,8,0.008000
0,5,4,3,23,8,0.007000
0,5,4,2,11,5,0.002000
0,5,4,1,57,14,0.031000
0,5,4,0,33,10,0.012000
1,10000,7,19,216,17,1.160000
1,10000,7,18,831,18,16.022000
1,10000,7,17,157,16,0.557000
1,10000,7,16,280,15,1.983000
1,10000,7,15,172,16,0.721000
1,10000,7,14,406,17,3.806000
1,10000,7,13,257,17,1.642000
1,10000,7,12,281,17,1.922000
1,10000,7,11,218,17,1.188000
1,10000,7,10,618,18,8.823000
1,10000,7,9,90,16,0.275000
1,10000,7,8,244,17,1.985000
1,10000,7,7,214,17,1.651000
1,10000,7,6,318,17,2.875000
1,10000,7,5,87,16,0.205000
1,10000,7,4,375,16,3.387000
1,10000,7,3,71,16,0.142000
1,10000,7,2,179,17,0.747000
1,10000,7,1,232,15,1.464000
1,10000,7,0,61,15,0.095000
1,10000,6,19,97,14,0.210000
1,10000,6,18,272,15,1.971000
1,10000,6,17,55,13,0.077000
1,10000,6,16,144,13,0.367000
1,10000,6,15,171,15,0.700000
1,10000,6,14,49,14,0.054000
1,10000,6,13,48,10,0.045000
1,10000,6,12,93,13,0.180000
1,10000,6,11,167,15,0.669000
1,10000,6,10,54,13,0.072000
1,10000,6,9,131,15,0.414000
1,10000,6,8,137,15,0.503000
1,10000,6,7,210,15,1.057000
1,10000,6,6,111,14,0.348000
1,10000,6,5,53,13,0.088000
1,10000,6,4,83,14,0.204000
1,10000,6,3,340,15,2.548000
1,10000,6,2,173,15,0.736000
1,10000,6,1,58,12,0.076000
1,10000,6,0,493,16,5.043000
1,10000,5,19,65,11,0.099000
1,10000,5,18,60,12,0.083000
1,10000,5,17,100,11,0.209000
1,10000,5,16,78,12,0.148000
1,10000,5,15,90,13,0.179000
1,10000,5,14,148,13,0.456000
1,10000,5,13,58,12,0.074000
1,10000,5,12,67,12,0.123000
1,10000,5,11,88,12,0.169000
1,10000,5,10,108,13,0.244000
1,10000,5,9,57,12,0.068000
1,10000,5,8,48,12,0.052000
1,10000,5,7,11,5,0.003000
1,10000,5,6,151,13,0.428000
1,10000,5,5,58,12,0.072000
1,10000,5,4,169,13,0.537000
1,10000,5,3,32,11,0.027000
1,10000,5,2,78,12,0.134000
1,10000,5,1,33,8,0.024000
1,10000,5,0,128,13,0.331000
1,10000,4,19,41,9,0.028000
1,10000,4,18,28,9,0.015000
1,10000,4,17,41,10,0.029000
1,10000,4,16,24,9,0.014000
1,10000,4,15,24,9,0.012000
1,10000,4,14,38,9,0.026000
1,10000,4,13,48,10,0.035000
1,10000,4,12,58,10,0.059000
1,10000,4,11,36,9,0.022000
1,10000,4,10,40,10,0.027000
1,10000,4,9,22,9,0.011000
1,10000,4,8,24,9,0.015000
1,10000,4,7,18,7,0.013000
1,10000,4,6,19,7,0.013000
1,10000,4,5,100,11,0.176000
1,10000,4,4,33,8,0.024000
1,10000,4,3,17,7,0.006000
1,10000,4,2,11,5,0.002000
1,10000,4,1,22,9,0.010000
1,10000,4,0,52,10,0.045000
1,100,7,19,216,17,0.845000
1,100,7,18,351,18,1.581000
1,100,7,17,157,16,0.410000
1,100,7,16,280,15,1.167000
1,100,7,15,172,16,0.510000
1,100,7,14,257,17,0.927000
1,100,7,13,1012,23,10.553000
1,100,7,12,321,18,1.398000
1,100,7,11,218,17,0.847000
1,100,7,10,497,20,3.384000
1,100,7,9,90,16,0.209000
1,100,7,8,279,17,1.217000
1,100,7,7,203,17,0.708000
1,100,7,6,318,17,1.406000
1,100,7,5,87,16,0.157000
1,100,7,4,375,16,1.819000
1,100,7,3,71,16,0.122000
1,100,7,2,179,17,0.595000
1,100,7,1,232,15,0.830000
1,100,7,0,61,15,0.089000
1,100,6,19,97,14,0.185000
1,100,6,18,272,15,1.064000
1,100,6,17,55,13,0.075000
1,100,6,16,144,13,0.319000
1,100,6,15,171,15,0.505000
1,100,6,14,49,14,0.061000
1,100,6,13,48,10,0.054000
1,100,6,12,93,13,0.164000
1,100,6,11,167,15,0.460000
1,100,6,10,54,13,0.073000
1,100,6,9,131,15,0.334000
1,100,6,8,137,15,0.357000
1,100,6,7,213,15,0.644000
1,100,6,6,111,14,0.221000
1,100,6,5,53,13,0.071000
1,100,6,4,83,14,0.146000
1,100,6,3,216,15,0.654000
1,100,6,2,165,15,0.416000
1,100,6,1,58,12,0.071000
1,100,6,0,311,16,1.202000
1,100,5,19,65,11,0.083000
1,100,5,18,60,12,0.069000
1,100,5,17,100,11,0.175000
1,100,5,16,78,12,0.111000
1,100,5,15,90,13,0.149000
1,100,5,14,148,13,0.316000
1,100,5,13,58,12,0.061000
1,100,5,12,67,12,0.083000
1,100,5,11,88,12,0.140000
1,100,5,10,108,13,0.199000
1,100,5,9,57,12,0.063000
1,100,5,8,48,12,0.049000
1,100,5,7,11,5,0.002000
1,100,5,6,151,13,0.328000
1,100,5,5,58,12,0.069000
1,100,5,4,169,13,0.389000
1,100,5,3,32,11,0.022000
1,100,5,2,78,12,0.109000
1,100,5,1,33,8,0.020000
1,100,5,0,128,13,0.256000
1,100,4,19,41,9,0.028000
1,100,4,18,28,9,0.015000
1,100,4,17,41,10,0.029000
1,100,4,16,24,9,0.013000
1,100,4,15,24,9,0.011000
1,100,4,14,38,9,0.025000
1,100,4,13,48,10,0.035000
1,100,4,12,58,10,0.056000
1,100,4,11,36,9,0.021000
1,100,4,10,40,10,0.027000
1,100,4,9,22,9,0.010000
1,100,4,8,24,9,0.013000
1,100,4,7,18,7,0.007000
1,100,4,6,19,7,0.008000
1,100,4,5,100,11,0.134000
1,100,4,4,33,8,0.019000
1,100,4,3,17,7,0.006000
1,100,4,2,11,5,0.003000
1,100,4,1,22,9,0.011000
1,100,4,0,52,10,0.043000
1,50,7,19,152,17,0.310000
1,50,7,18,259,18,0.784000
1,50,7,17,157,16,0.339000
1,50,7,16,145,15,0.319000
1,50,7,15,171,16,0.385000
1,50,7,14,164,17,0.341000
1,50,7,13,150,17,0.304000
1,50,7,12,136,17,0.264000
1,50,7,11,142,17,0.279000
1,50,7,10,228,18,0.607000
1,50,7,9,90,16,0.140000
1,50,7,8,142,17,0.290000
1,50,7,7,157,17,0.337000
1,50,7,6,167,17,0.366000
1,50,7,5,87,16,0.129000
1,50,7,4,187,16,0.442000
1,50,7,3,71,16,0.099000
1,50,7,2,152,17,0.379000
1,50,7,1,149,15,0.385000
1,50,7,0,61,15,0.078000
1,50,6,19,97,14,0.154000
1,50,6,18,164,15,0.350000
1,50,6,17,55,13,0.061000
1,50,6,16,146,13,0.264000
1,50,6,15,138,15,0.278000
1,50,6,14,49,14,0.049000
1,50,6,13,48,10,0.041000
1,50,6,12,93,13,0.133000
1,50,6,11,160,15,0.319000
1,50,6,10,54,13,0.059000
1,50,6,9,131,15,0.257000
1,50,6,8,115,15,0.212000
1,50,6,7,233,15,0.643000
1,50,6,6,111,14,0.184000
1,50,6,5,53,13,0.060000
1,50,6,4,83,14,0.117000
1,50,6,3,141,15,0.261000
1,50,6,2,215,16,0.510000
1,50,6,1,58,12,0.060000
1,50,6,0,174,16,0.379000
1,50,5,19,65,11,0.071000
1,50,5,18,60,12,0.060000
1,50,5,17,100,11,0.142000
1,50,5,16,78,12,0.091000
1,50,5,15,83,13,0.102000
1,50,5,14,129,13,0.203000
1,50,5,13,58,12,0.055000
1,50,5,12,67,12,0.071000
1,50,5,11,88,12,0.115000
1,50,5,10,108,13,0.172000
1,50,5,9,57,12,0.055000
1,50,5,8,48,12,0.044000
1,50,5,7,11,5,0.003000
1,50,5,6,141,13,0.240000
1,50,5,5,58,12,0.058000
1,50,5,4,122,13,0.195000
1,50,5,3,32,11,0.022000
1,50,5,2,78,12,0.092000
1,50,5,1,33,8,0.019000
1,50,5,0,128,13,0.210000
1,50,4,19,41,9,0.027000
1,50,4,18,28,9,0.017000
1,50,4,17,41,10,0.028000
1,50,4,16,24,9,0.013000
1,50,4,15,24,9,0.010000
1,50,4,14,38,9,0.023000
1,50,4,13,48,10,0.035000
1,50,4,12,58,10,0.053000
1,50,4,11,36,9,0.022000
1,50,4,10,40,10,0.027000
1,50,4,9,22,9,0.010000
1,50,4,8,24,9,0.013000
1,50,4,7,18,7,0.007000
1,50,4,6,19,7,0.008000
1,50,4,5,100,11,0.119000
1,50,4,4,33,8,0.019000
1,50,4,3,17,7,0.006000
1,50,4,2,11,5,0.002000
1,50,4,1,22,9,0.010000
1,50,4,0,52,10,0.045000
1,25,7,19,133,18,0.208000
1,25,7,18,162,18,0.290000
1,25,7,17,119,16,0.179000
1,25,7,16,107,15,0.158000
1,25,7,15,102,16,0.137000
1,25,7,14,125,17,0.202000
1,25,7,13,108,17,0.149000
1,25,7,12,145,18,0.245000
1,25,7,11,99,17,0.125000
1,25,7,10,143,18,0.239000
1,25,7,9,94,16,0.121000
1,25,7,8,203,20,0.457000
1,25,7,7,121,17,0.180000
1,25,7,6,120,17,0.167000
1,25,7,5,87,16,0.103000
1,25,7,4,161,16,0.296000
1,25,7,3,71,16,0.075000
1,25,7,2,91,17,0.115000
1,25,7,1,97,15,0.133000
1,25,7,0,61,15,0.058000
1,25,6,19,154,16,0.264000
1,25,6,18,120,15,0.186000
1,25,6,17,55,13,0.048000
1,25,6,16,116,14,0.156000
1,25,6,15,103,15,0.142000
1,25,6,14,49,14,0.039000
1,25,6,13,48,10,0.036000
1,25,6,12,93,13,0.116000
1,25,6,11,100,15,0.124000
1,25,6,10,54,13,0.051000
1,25,6,9,95,15,0.128000
1,25,6,8,84,15,0.102000
1,25,6,7,121,16,0.176000
1,25,6,6,81,14,0.084000
1,25,6,5,53,13,0.049000
1,25,6,4,73,14,0.075000
1,25,6,3,111,15,0.148000
1,25,6,2,106,15,0.147000
1,25,6,1,58,12,0.057000
1,25,6,0,195,17,0.431000
1,25,5,19,65,11,0.061000
1,25,5,18,60,12,0.051000
1,25,5,17,65,11,0.061000
1,25,5,16,78,12,0.078000
1,25,5,15,66,13,0.065000
1,25,5,14,126,14,0.191000
1,25,5,13,58,12,0.045000
1,25,5,12,67,12,0.059000
1,25,5,11,98,12,0.119000
1,25,5,10,67,13,0.062000
1,25,5,9,57,12,0.047000
1,25,5,8,48,12,0.037000
1,25,5,7,11,5,0.002000
1,25,5,6,91,13,0.123000
1,25,5,5,58,12,0.050000
1,25,5,4,84,13,0.089000
1,25,5,3,32,11,0.019000
1,25,5,2,78,12,0.078000
1,25,5,1,33,8,0.018000
1,25,5,0,67,13,0.063000
1,25,4,19,41,9,0.025000
1,25,4,18,28,9,0.015000
1,25,4,17,41,10,0.025000
1,25,4,16,24,9,0.012000
1,25,4,15,24,9,0.010000
1,25,4,14,38,9,0.021000
1,25,4,13,48,10,0.029000
1,25,4,12,58,10,0.045000
1,25,4,11,36,9,0.019000
1,25,4,10,40,10,0.024000
1,25,4,9,22,9,0.010000
1,25,4,8,24,9,0.011000
1,25,4,7,18,7,0.007000
1,25,4,6,19,7,0.007000
1,25,4,5,65,11,0.051000
1,25,4,4,33,8,0.017000
1,25,4,3,17,7,0.005000
1,25,4,2,11,5,0.002000
1,25,4,1,22,9,0.009000
1,25,4,0,52,10,0.036000
1,20,7,19,177,21,0.350000
1,20,7,18,123,18,0.180000
1,20,7,17,90,16,0.108000
1,20,7,16,99,15,0.134000
1,20,7,15,75,16,0.077000
1,20,7,14,116,17,0.164000
1,20,7,13,132,19,0.205000
1,20,7,12,149,20,0.250000
1,20,7,11,90,17,0.098000
1,20,7,10,112,18,0.147000
1,20,7,9,68,16,0.068000
1,20,7,8,99,17,0.122000
1,20,7,7,135,18,0.214000
1,20,7,6,112,17,0.142000
1,20,7,5,87,16,0.101000
1,20,7,4,105,16,0.128000
1,20,7,3,67,16,0.064000
1,20,7,2,84,17,0.092000
1,20,7,1,91,15,0.111000
1,20,7,0,61,15,0.054000
1,20,6,19,69,14,0.061000
1,20,6,18,105,15,0.130000
1,20,6,17,55,13,0.047000
1,20,6,16,68,14,0.061000
1,20,6,15,115,16,0.152000
1,20,6,14,49,14,0.037000
1,20,6,13,48,10,0.032000
1,20,6,12,93,13,0.107000
1,20,6,11,80,15,0.081000
1,20,6,10,54,13,0.044000
1,20,6,9,80,15,0.083000
1,20,6,8,78,15,0.084000
1,20,6,7,84,15,0.081000
1,20,6,6,79,14,0.079000
1,20,6,5,53,13,0.045000
1,20,6,4,72,14,0.067000
1,20,6,3,101,15,0.126000
1,20,6,2,90,15,0.099000
1,20,6,1,58,12,0.046000
1,20,6,0,156,17,0.255000
1,20,5,19,65,11,0.057000
1,20,5,18,58,12,0.046000
1,20,5,17,62,11,0.053000
1,20,5,16,78,12,0.076000
1,20,5,15,71,13,0.065000
1,20,5,14,127,14,0.173000
1,20,5,13,58,12,0.045000
1,20,5,12,65,12,0.054000
1,20,5,11,54,12,0.040000
1,20,5,10,64,13,0.055000
1,20,5,9,57,12,0.045000
1,20,5,8,48,12,0.032000
1,20,5,7,11,5,0.002000
1,20,5,6,82,13,0.080000
1,20,5,5,57,12,0.047000
1,20,5,4,77,13,0.075000
1,20,5,3,32,11,0.018000
1,20,5,2,69,12,0.062000
1,20,5,1,33,8,0.018000
1,20,5,0,72,13,0.067000
1,20,4,19,41,9,0.023000
1,20,4,18,28,9,0.014000
1,20,4,17,41,10,0.023000
1,20,4,16,24,9,0.010000
1,20,4,15,24,9,0.009000
1,20,4,14,38,9,0.022000
1,20,4,13,48,10,0.028000
1,20,4,12,58,10,0.045000
1,20,4,11,36,9,0.020000
1,20,4,10,40,10,0.024000
1,20,4,9,22,9,0.010000
1,20,4,8,24,9,0.011000
1,20,4,7,18,7,0.007000
1,20,4,6,19,7,0.007000
1,20,4,5,62,11,0.044000
1,20,4,4,33,8,0.017000
1,20,4,3,17,7,0.005000
1,20,4,2,11,5,0.002000
1,20,4,1,22,9,0.010000
1,20,4,0,52,10,0.034000
1,15,7,19,133,20,0.188000
1,15,7,18,104,18,0.121000
1,15,7,17,80,16,0.081000
1,15,7,16,86,15,0.094000
1,15,7,15,87,17,0.091000
1,15,7,14,118,17,0.166000
1,15,7,13,136,19,0.200000
1,15,7,12,124,19,0.168000
1,15,7,11,82,17,0.081000
1,15,7,10,112,19,0.141000
1,15,7,9,83,16,0.084000
1,15,7,8,130,19,0.183000
1,15,7,7,106,19,0.126000
1,15,7,6,93,17,0.098000
1,15,7,5,62,16,0.057000
1,15,7,4,99,16,0.115000
1,15,7,3,85,16,0.088000
1,15,7,2,75,17,0.078000
1,15,7,1,80,15,0.084000
1,15,7,0,63,15,0.055000
1,15,6,19,59,14,0.045000
1,15,6,18,80,15,0.076000
1,15,6,17,53,13,0.040000
1,15,6,16,49,13,0.033000
1,15,6,15,127,19,0.171000
1,15,6,14,51,14,0.038000
1,15,6,13,47,10,0.030000
1,15,6,12,75,13,0.070000
1,15,6,11,89,15,0.090000
1,15,6,10,58,13,0.046000
1,15,6,9,81,15,0.079000
1,15,6,8,72,15,0.068000
1,15,6,7,102,15,0.115000
1,15,6,6,62,14,0.054000
1,15,6,5,55,13,0.045000
1,15,6,4,58,14,0.045000
1,15,6,3,82,15,0.083000
1,15,6,2,76,16,0.067000
1,15,6,1,54,12,0.042000
1,15,6,0,120,17,0.161000
1,15,5,19,55,11,0.041000
1,15,5,18,48,12,0.031000
1,15,5,17,51,11,0.037000
1,15,5,16,55,12,0.042000
1,15,5,15,97,15,0.095000
1,15,5,14,76,14,0.066000
1,15,5,13,54,12,0.039000
1,15,5,12,52,12,0.033000
1,15,5,11,67,12,0.054000
1,15,5,10,52,13,0.036000
1,15,5,9,48,12,0.031000
1,15,5,8,47,12,0.031000
1,15,5,7,11,5,0.003000
1,15,5,6,68,13,0.055000
1,15,5,5,51,12,0.037000
1,15,5,4,71,13,0.061000
1,15,5,3,32,11,0.016000
1,15,5,2,54,12,0.040000
1,15,5,1,33,8,0.017000
1,15,5,0,52,13,0.038000
1,15,4,19,45,9,0.026000
1,15,4,18,28,9,0.014000
1,15,4,17,41,10,0.022000
1,15,4,16,24,9,0.010000
1,15,4,15,24,9,0.009000
1,15,4,14,38,9,0.020000
1,15,4,13,47,10,0.027000
1,15,4,12,42,10,0.023000
1,15,4,11,36,9,0.018000
1,15,4,10,40,10,0.024000
1,15,4,9,22,9,0.008000
1,15,4,8,24,9,0.009000
1,15,4,7,18,7,0.006000
1,15,4,6,19,7,0.007000
1,15,4,5,51,11,0.030000
1,15,4,4,33,8,0.016000
1,15,4,3,17,7,0.006000
1,15,4,2,11,5,0.003000
1,15,4,1,22,9,0.011000
1,15,4,0,45,10,0.025000
1,10,7,19,128,22,0.166000
1,10,7,18,83,18,0.082000
1,10,7,17,60,16,0.049000
1,10,7,16,88,17,0.091000
1,10,7,15,76,18,0.069000
1,10,7,14,112,19,0.139000
1,10,7,13,87,19,0.087000
1,10,7,12,87,19,0.087000
1,10,7,11,116,20,0.145000
1,10,7,10,113,21,0.135000
1,10,7,9,236,34,0.564000
1,10,7,8,114,21,0.139000
1,10,7,7,158,26,0.250000
1,10,7,6,91,19,0.094000
1,10,7,5,49,16,0.035000
1,10,7,4,132,23,0.181000
1,10,7,3,131,24,0.176000
1,10,7,2,66,18,0.057000
1,10,7,1,95,19,0.101000
1,10,7,0,50,15,0.035000
1,10,6,19,55,14,0.038000
1,10,6,18,65,15,0.054000
1,10,6,17,63,14,0.047000
1,10,6,16,60,14,0.044000
1,10,6,15,112,20,0.136000
1,10,6,14,43,14,0.030000
1,10,6,13,37,10,0.022000
1,10,6,12,51,13,0.034000
1,10,6,11,68,16,0.054000
1,10,6,10,59,14,0.043000
1,10,6,9,82,18,0.077000
1,10,6,8,65,16,0.051000
1,10,6,7,77,16,0.069000
1,10,6,6,55,14,0.038000
1,10,6,5,59,14,0.043000
1,10,6,4,51,14,0.034000
1,10,6,3,75,15,0.066000
1,10,6,2,54,15,0.035000
1,10,6,1,45,12,0.028000
1,10,6,0,90,18,0.088000
1,10,5,19,34,11,0.016000
1,10,5,18,67,14,0.047000
1,10,5,17,46,11,0.031000
1,10,5,16,39,12,0.021000
1,10,5,15,57,13,0.037000
1,10,5,14,74,15,0.060000
1,10,5,13,43,12,0.026000
1,10,5,12,43,12,0.023000
1,10,5,11,75,13,0.061000
1,10,5,10,45,13,0.030000
1,10,5,9,47,12,0.029000
1,10,5,8,61,14,0.043000
1,10,5,7,11,5,0.003000
1,10,5,6,62,14,0.044000
1,10,5,5,39,12,0.022000
1,10,5,4,56,13,0.036000
1,10,5,3,33,11,0.016000
1,10,5,2,54,12,0.034000
1,10,5,1,31,8,0.015000
1,10,5,0,51,13,0.035000
1,10,4,19,41,10,0.021000
1,10,4,18,28,9,0.013000
1,10,4,17,39,10,0.020000
1,10,4,16,24,9,0.010000
1,10,4,15,24,9,0.009000
1,10,4,14,31,9,0.013000
1,10,4,13,37,10,0.018000
1,10,4,12,41,10,0.022000
1,10,4,11,32,9,0.014000
1,10,4,10,36,10,0.017000
1,10,4,9,22,9,0.008000
1,10,4,8,24,9,0.009000
1,10,4,7,18,7,0.006000
1,10,4,6,19,7,0.007000
1,10,4,5,46,11,0.026000
1,10,4,4,31,8,0.014000
1,10,4,3,17,7,0.006000
1,10,4,2,11,5,0.003000
1,10,4,1,22,9,0.008000
1,10,4,0,39,10,0.019000
1,5,7,19,69,21,0.053000
1,5,7,18,55,18,0.036000
1,5,7,17,55,18,0.039000
1,5,7,16,109,26,0.122000
1,5,7,15,57,18,0.040000
1,5,7,14,61,18,0.044000
1,5,7,13,97,28,0.100000
1,5,7,12,57,20,0.037000
1,5,7,11,56,18,0.039000
1,5,7,10,125,32,0.168000
1,5,7,9,53,19,0.030000
1,5,7,8,87,24,0.080000
1,5,7,7,89,26,0.087000
1,5,7,6,56,18,0.038000
1,5,7,5,94,26,0.090000
1,5,7,4,62,19,0.047000
1,5,7,3,46,17,0.027000
1,5,7,2,102,28,0.112000
1,5,7,1,46,15,0.027000
1,5,7,0,45,16,0.025000
1,5,6,19,42,14,0.022000
1,5,6,18,56,17,0.034000
1,5,6,17,29,13,0.012000
1,5,6,16,49,15,0.024000
1,5,6,15,60,17,0.039000
1,5,6,14,33,14,0.016000
1,5,6,13,28,10,0.012000
1,5,6,12,36,13,0.018000
1,5,6,11,59,17,0.041000
1,5,6,10,31,13,0.013000
1,5,6,9,82,24,0.071000
1,5,6,8,46,15,0.026000
1,5,6,7,54,16,0.035000
1,5,6,6,39,14,0.023000
1,5,6,5,29,13,0.013000
1,5,6,4,49,16,0.029000
1,5,6,3,49,16,0.030000
1,5,6,2,58,18,0.038000
1,5,6,1,44,14,0.024000
1,5,6,0,68,20,0.052000
1,5,5,19,27,11,0.009000
1,5,5,18,70,19,0.051000
1,5,5,17,32,11,0.015000
1,5,5,16,31,12,0.013000
1,5,5,15,76,20,0.061000
1,5,5,14,51,16,0.026000
1,5,5,13,41,14,0.020000
1,5,5,12,39,12,0.018000
1,5,5,11,49,13,0.025000
1,5,5,10,35,13,0.016000
1,5,5,9,48,14,0.026000
1,5,5,8,43,14,0.020000
1,5,5,7,13,5,0.003000
1,5,5,6,42,13,0.022000
1,5,5,5,42,14,0.021000
1,5,5,4,40,13,0.022000
1,5,5,3,30,11,0.012000
1,5,5,2,35,12,0.018000
1,5,5,1,22,8,0.007000
1,5,5,0,35,13,0.017000
1,5,4,19,22,9,0.006000
1,5,4,18,25,9,0.009000
1,5,4,17,27,10,0.010000
1,5,4,16,22,9,0.009000
1,5,4,15,26,9,0.009000
1,5,4,14,22,9,0.007000
1,5,4,13,28,10,0.010000
1,5,4,12,37,11,0.018000
1,5,4,11,24,9,0.007000
1,5,4,10,28,10,0.010000
1,5,4,9,21,9,0.009000
1,5,4,8,25,9,0.010000
1,5,4,7,18,7,0.006000
1,5,4,6,21,7,0.007000
1,5,4,5,32,11,0.015000
1,5,4,4,22,8,0.007000
1,5,4,3,17,7,0.005000
1,5,4,2,13,5,0.003000
1,5,4,1,21,9,0.007000
1,5,4,0,35,11,0.016000
